id,created_at,original_text,screen_name,author_id,replies,retweet_count,to,hashtags,user_mentions,urls
581728272536473600,Sat Mar 28 08:03:22 +0000 2015,A step towards the journey begins.,MBuhari,2936714848,128,1351,,,,
581215056005705728,Thu Mar 26 22:04:02 +0000 2015,"you and your children to be proud of this country once again. God bless you, and God bless Nigeria – GMB",MBuhari,2936714848,234,2978,,,,
581215019976650752,Thu Mar 26 22:03:53 +0000 2015,"50/ On the 28th of March and the 11th of April, use your PVC to get the desired change that will enable",MBuhari,2936714848,22,780,MBuhari,,,
581215019620114434,Thu Mar 26 22:03:53 +0000 2015,49/ who received us with warmth everywhere we campaigned.,MBuhari,2936714848,3,567,MBuhari,,,
581215019271995392,Thu Mar 26 22:03:53 +0000 2015,"48/ I would like to thank everyone who has been on this journey with us, and thank Nigerians",MBuhari,2936714848,7,585,MBuhari,,,
581215018894524416,Thu Mar 26 22:03:53 +0000 2015,47/ ...to get married in Auchi.,MBuhari,2936714848,4,483,MBuhari,,,
581215018521268224,Thu Mar 26 22:03:53 +0000 2015,"46/ This is about building a nation where your child can truly be great, whether he is born in Abakaliki, or in school in Akure, or about...",MBuhari,2936714848,8,567,MBuhari,,,
581215018059837440,Thu Mar 26 22:03:53 +0000 2015,45/ ...passport will not be insulted whenever you leave our country.,MBuhari,2936714848,12,646,MBuhari,,,
581215017510436864,Thu Mar 26 22:03:53 +0000 2015,44/ This is about creating a country that is serious about compete g in the global economy. This is about creating a country whose...,MBuhari,2936714848,6,540,MBuhari,,,
581215017128718336,Thu Mar 26 22:03:53 +0000 2015,43/ ...creating an economy that creates wealth for everyone.,MBuhari,2936714848,4,550,MBuhari,,,
581215016499572736,Thu Mar 26 22:03:53 +0000 2015,"42/ ...out, so that government officials stop giving entrepreneurs and creative people handouts, but actually do the hard work of...",MBuhari,2936714848,2,504,MBuhari,,,
581215016109502464,Thu Mar 26 22:03:52 +0000 2015,"41/ ...compete in the world, this is about building a country where corruption and waste, and stealing and irresponsibility can be wiped...",MBuhari,2936714848,5,560,MBuhari,,,
581215015748816896,Thu Mar 26 22:03:52 +0000 2015,"40/ ...can be safe, this is about this is about creating a nation where children can go to schools where they actually learn and can...",MBuhari,2936714848,4,549,MBuhari,,,
581215015325163520,Thu Mar 26 22:03:52 +0000 2015,39/ The reason we are doing this is clear. This is about creating a Nigeria where you and your father and your mother and your children...,MBuhari,2936714848,8,552,MBuhari,,,
581215014909956096,Thu Mar 26 22:03:52 +0000 2015,"38/ So, today, let me make you a promise that will not be broken.",MBuhari,2936714848,3,535,MBuhari,,,
581215014528229377,Thu Mar 26 22:03:52 +0000 2015,"37/ ...continue to lie, we shall continue to reinforce the truth.",MBuhari,2936714848,6,545,MBuhari,,,
581215014138175488,Thu Mar 26 22:03:52 +0000 2015,"36/ ...otherwise, I challenge them to present it. Many lies have been circulated about my person but like I always say, while they...",MBuhari,2936714848,4,555,MBuhari,,,
581215013752307712,Thu Mar 26 22:03:52 +0000 2015,"35/ I have served Nigeria will everything I have, without taking anything that I did not earn. If anyone has evidence that proves...",MBuhari,2936714848,8,581,MBuhari,,,
581215013345501184,Thu Mar 26 22:03:52 +0000 2015,34/ ...leads you and how they lead you.,MBuhari,2936714848,1,544,MBuhari,,,
581215012867309569,Thu Mar 26 22:03:52 +0000 2015,"33/ Even in voting for me, you will be sending me a clear message, that if I don’t fulfil my promises, you have the power to decide who...",MBuhari,2936714848,11,678,MBuhari,,,
581215012439511040,Thu Mar 26 22:03:52 +0000 2015,"32/ ...be taken for granted, this is the time to show the present crop that if they fail, they will be punished.",MBuhari,2936714848,4,543,MBuhari,,,
581215012049432576,Thu Mar 26 22:03:51 +0000 2015,"31/ ...the madness, this is the time to tell your leaders that they need to be afraid of you, this is the time to show that you won’t...",MBuhari,2936714848,5,574,MBuhari,,,
581215011676143616,Thu Mar 26 22:03:51 +0000 2015,"30/ ...overnight. But if we want a country you can be proud of in the next eight years, in the next decade, then this is the time to stop...",MBuhari,2936714848,36,577,MBuhari,,,
581215011223171072,Thu Mar 26 22:03:51 +0000 2015,"29/ Let me be frank, Nigeria is not going to change overnight. The damage that the PDP has wrought on this country is not going to change...",MBuhari,2936714848,19,682,MBuhari,,,
581215010686246912,Thu Mar 26 22:03:51 +0000 2015,28/ change for the better.,MBuhari,2936714848,3,524,MBuhari,,,
581215009969049600,Thu Mar 26 22:03:51 +0000 2015,"27/ I believe that with effective and transparent leadership, the eradication of corruption and respect for the rule of law, things can",MBuhari,2936714848,6,545,MBuhari,,,
581215009071484928,Thu Mar 26 22:03:51 +0000 2015,"26/ ...experienced directly. Still, nothing can erode my optimism about our country Nigeria. I believe this country can be great again.",MBuhari,2936714848,5,525,MBuhari,,,
581215008681431040,Thu Mar 26 22:03:51 +0000 2015,25/ ...insecurity threatens the lives and wellbeing of every single person within our borders—a situation that I myself have...,MBuhari,2936714848,3,524,MBuhari,,,
581215008299724800,Thu Mar 26 22:03:51 +0000 2015,"24/ ...commitment and cooperation. Our country is at an all-time low. Poverty and unemployment have reached unprecedented high, and...",MBuhari,2936714848,4,516,MBuhari,,,
581215007905443840,Thu Mar 26 22:03:50 +0000 2015,"23/ I talk about a partnership because to surmount the grave issues Nigeria will have to contend with, leading will require your...",MBuhari,2936714848,3,514,MBuhari,,,
581215007532191744,Thu Mar 26 22:03:50 +0000 2015,22/ ...a converted democrat who has submitted to and will continue to submit himself to a true democratic process.,MBuhari,2936714848,6,572,MBuhari,,,
581215007154647040,Thu Mar 26 22:03:50 +0000 2015,"21/ As I said at Chatham House, being the leader at the time, I take responsibility for those mistakes and state again that before you is...",MBuhari,2936714848,3,587,MBuhari,,,
581215006731059200,Thu Mar 26 22:03:50 +0000 2015,20/ ...proud of. My appeal to you is that you find it in your hearts to do the same.,MBuhari,2936714848,2,559,MBuhari,,,
581215006332604416,Thu Mar 26 22:03:50 +0000 2015,19/ ...have been gracious enough to look beyond these mistakes and accept my offer of a partnership to build a new Nigeria we can all be...,MBuhari,2936714848,5,573,MBuhari,,,
581215005946699776,Thu Mar 26 22:03:50 +0000 2015,18/ ...but I assure you that I feel the pain of everyone who experienced undue hardship. Others like Lola Shoneyin and Tunde Thompson...,MBuhari,2936714848,7,593,MBuhari,,,
581215005510488064,Thu Mar 26 22:03:50 +0000 2015,"17/ nd external. My time as Head of State, was not perfect; mistakes were made. Some of you may not support me because of those mistakes...",MBuhari,2936714848,16,636,MBuhari,,,
581215005099450368,Thu Mar 26 22:03:50 +0000 2015,"16/ In the course of this service, I have overseen the building of refineries and protected Nigeria from aggressors, both internal a",MBuhari,2936714848,7,546,MBuhari,,,
581215004654854146,Thu Mar 26 22:03:50 +0000 2015,"15/ I have dedicated my life to the service and continued existence of this one Nigeria, both as a military officer and a civilian.",MBuhari,2936714848,8,605,MBuhari,,,
581215004273160192,Thu Mar 26 22:03:50 +0000 2015,"14/ we all, both home and abroad, hope and pray achieves its full potential.",MBuhari,2936714848,7,550,MBuhari,,,
581215003895672833,Thu Mar 26 22:03:50 +0000 2015,"13/ There is only one Nigeria, a country where citizens continue to forge ahead despite the challenges we face; a country that",MBuhari,2936714848,5,596,MBuhari,,,
581215003476250624,Thu Mar 26 22:03:49 +0000 2015,"12/ My experience has confirmed that there is no Muslim Nigeria or Christian Nigeria, no Northern Nigeria or Southern Nigeria.",MBuhari,2936714848,18,696,MBuhari,,,
581215002859720704,Thu Mar 26 22:03:49 +0000 2015,11/ ...of.,MBuhari,2936714848,2,434,MBuhari,,,
581215002486407169,Thu Mar 26 22:03:49 +0000 2015,"10/ ...secure living environment, better economic opportunities, and a more accountable government, they want a country they can be proud...",MBuhari,2936714848,5,550,MBuhari,,,
581215001941143553,Thu Mar 26 22:03:49 +0000 2015,"9/ ...to Kano, Ondo to Benue, and everywhere in between, Nigerians are tired of the status quo. Without exception, they want a more...",MBuhari,2936714848,6,565,MBuhari,,,
581215001332969472,Thu Mar 26 22:03:49 +0000 2015,"8/ This campaign has been about them, and millions of others who have been let down by their government. From Enugu to Edo, Cross Rivers...",MBuhari,2936714848,8,542,MBuhari,,,
581215000624168960,Thu Mar 26 22:03:49 +0000 2015,7/ The welder from Ibadan who struggles under the weight of poor power supply.,MBuhari,2936714848,6,550,MBuhari,,,
581215000200507392,Thu Mar 26 22:03:49 +0000 2015,6/ The fisherman in Bayelsa who lost his livelihood because of the polluted Ogboinbiri River.,MBuhari,2936714848,5,552,MBuhari,,,
581214999806238721,Thu Mar 26 22:03:49 +0000 2015,"5/ The young men and women at our campaign rallies who run after our motorcade, screaming ‘Change’.",MBuhari,2936714848,4,553,MBuhari,,,
581214999407771648,Thu Mar 26 22:03:48 +0000 2015,4/ There was little girl who donated her savings because she believes in our campaign.,MBuhari,2936714848,15,592,MBuhari,,,
581214999017746432,Thu Mar 26 22:03:48 +0000 2015,3/ ...expectations the citizens of Nigeria hold for the future.,MBuhari,2936714848,4,541,MBuhari,,,
581214998577352704,Thu Mar 26 22:03:48 +0000 2015,2/ My interactions with Nigerians from all over the country over the last few months have left me with an overwhelming sense of the...,MBuhari,2936714848,5,557,MBuhari,,,
581214998120165377,Thu Mar 26 22:03:48 +0000 2015,"1/ Dear friends, as the presidential campaign draws to a close, let us talk – Nigerian to Nigerian - GMB",MBuhari,2936714848,31,707,,,,
581191800095944705,Thu Mar 26 20:31:37 +0000 2015,#NigeriaDecides: #iWillVoteAPC &amp; #GMB15 for positive change in #Nigeria. Read why you should too: http://thndr.it/1xfUz1p,MBuhari,2936714848,14,217,,#NigeriaDecides #iWillVoteAPC #GMB15 #Nigeria,,http://thndr.it/1xfUz1p
580675673729200129,Wed Mar 25 10:20:43 +0000 2015,#BeforeYouCastYourVote: Serious Issues to Consider:,MBuhari,2936714848,5,93,,#BeforeYouCastYourVote,,https://youtu.be/Ef2kyZ9D87E
580675334783299584,Wed Mar 25 10:19:22 +0000 2015,#BeforeYouCastYourVote: Vote To Bring Back Our Pride:,MBuhari,2936714848,8,81,,#BeforeYouCastYourVote,,https://youtu.be/bEpvhpn1YeQ
580675051466465280,Wed Mar 25 10:18:15 +0000 2015,#BeforeYouCastYourVote: A Message From General Muhammadu Buhari: http://youtu.be/SJCakj6xUjE.,MBuhari,2936714848,11,111,,#BeforeYouCastYourVote,,http://youtu.be/SJCakj6xUjE
574879064693084160,Mon Mar 09 10:27:04 +0000 2015,Pick up your PVC by 22 March and vote for APC on 28 March & 11 April. Let's bring the Change Nigeria needs #BabaWhileYouWereGone,MBuhari,2936714848,20,321,,#BabaWhileYouWereGone,,
574876776914108417,Mon Mar 09 10:17:58 +0000 2015,I am #GladToBeBack to make the Change needed #BabaWhileYouWereGone,MBuhari,2936714848,36,281,,#GladToBeBack #BabaWhileYouWereGone,,
574876672337518592,Mon Mar 09 10:17:34 +0000 2015,"Our collective strength, our ability to forge ahead in the toughest of times is what will allow us to restore Nigeria #BabaWhileYouWereGone",MBuhari,2936714848,5,209,,#BabaWhileYouWereGone,,
574876544717484032,Mon Mar 09 10:17:03 +0000 2015,"The troubling issues that face the nation continue unabated - plummeting power production & naira value, petrol queues #BabaWhileYouWereGone",MBuhari,2936714848,3,209,,#BabaWhileYouWereGone,,
574876406179577856,Mon Mar 09 10:16:30 +0000 2015,"Despite the sticks and stones, we choose to remain focused and direct our energies into forging a bright future #BabaWhileYouWereGone - GMB",MBuhari,2936714848,14,240,,#BabaWhileYouWereGone,,
574869366661120000,Mon Mar 09 09:48:32 +0000 2015,I am heartened to see that good humour and resolve rest deep in the hearts of those who seek Change. #BabaWhileYouWereGone - GMB,MBuhari,2936714848,13,405,,#BabaWhileYouWereGone,,
574869204794544128,Mon Mar 09 09:47:53 +0000 2015,Many thanks to my supporters for the #BabaWhileYouWereGone updates this weekend. They have made my day #GladToBeBack - GMB,MBuhari,2936714848,29,475,,#BabaWhileYouWereGone #GladToBeBack,,
574525973959458816,Sun Mar 08 11:04:01 +0000 2015,"Your PVC empowers you all to show your support. Please collect yours and vote for Change on 28 March, and 11 April - GMB #ThingsWILLChange",MBuhari,2936714848,49,376,,#ThingsWILLChange,,
574525683185156096,Sun Mar 08 11:02:51 +0000 2015,"If successful, Sen. Aisha Jummai Alhassan will be the first elected female governor in Nigeria. I urge you all to support her. - GMB",MBuhari,2936714848,42,729,,,,
574525528469827584,Sun Mar 08 11:02:14 +0000 2015,"APC is committed to women's rights & empowerment, and our candidate for the Taraba governorship is one such example - GMB",MBuhari,2936714848,9,433,,,,
574525418012811265,Sun Mar 08 11:01:48 +0000 2015,I also extend my gratitude to all the women who are taking our message of Change to all corners of the country - GMB,MBuhari,2936714848,10,331,,,,
574525196071272450,Sun Mar 08 11:00:55 +0000 2015,"They have been a constant of support for me, and I do my best every day to provide the same support for them - GMB",MBuhari,2936714848,9,280,,,,
574525028634599426,Sun Mar 08 11:00:15 +0000 2015,"As we celebrate #IWD2015, I want to express my profound appreciation for all Nigerian women, especially my wife and daughters - GMB",MBuhari,2936714848,14,344,,#IWD2015,,
574499383972139008,Sun Mar 08 09:18:21 +0000 2015,"A very happy birthday to the next Vice-President of Nigeria, @ProfOsinbajo. Your commitment to #Change inspires the nation #ThingsWILLChange",MBuhari,2936714848,79,662,,#Change #ThingsWILLChange,@ProfOsinbajo,
574275320578203648,Sat Mar 07 18:28:00 +0000 2015,We thank everyone who has come out today to walk and act for change. This has been a deeply inspiring day. #ThingsWILLChange,MBuhari,2936714848,50,372,,#ThingsWILLChange,,
572467772556382208,Mon Mar 02 18:45:27 +0000 2015,We must reject a system that has turned one of world's largest crude exporters into an importer of petrol. Things must change. - GMB,MBuhari,2936714848,95,1049,,,,
572467657737285632,Mon Mar 02 18:45:00 +0000 2015,"But over the last several years our refineries have declined, and we are at the mercy of imports.",MBuhari,2936714848,24,552,,,,
572467542112911360,Mon Mar 02 18:44:32 +0000 2015,"In my time as NNPC chairman and Petroleum Minister in the late 70s, 2 of our 4 refineries were built, and domestic consumption catered for.",MBuhari,2936714848,37,791,,,,
572467455177539584,Mon Mar 02 18:44:11 +0000 2015,"The countless man hours that will be spent at petrol stations today, will reduce our productivity as a nation.This should not be so. - GMB",MBuhari,2936714848,462,2685,,,,
566628000738070529,Sat Feb 14 16:00:17 +0000 2015,Happy Valentine's Day everyone! Keep believing. #ThingsWILLChange #FeBuhari,MBuhari,2936714848,31,259,,#ThingsWILLChange #FeBuhari,,
566627779979251714,Sat Feb 14 15:59:24 +0000 2015,"Today, there is an outpouring of love for Nigeria. We are inspired! #FeBuhari",MBuhari,2936714848,20,219,,#FeBuhari,,
564513406359986176,Sun Feb 08 19:57:38 +0000 2015,#ThingsWILLchange #GMB15,MBuhari,2936714848,88,691,,#ThingsWILLchange #GMB15,,
564502425181360128,Sun Feb 08 19:14:00 +0000 2015,"Together, we will rescue our dear country. Make no mistake, #ThingsWILLChange - GMB",MBuhari,2936714848,87,963,,#ThingsWILLChange,,
564502153642119168,Sun Feb 08 19:12:56 +0000 2015,"Before us there was Nigeria, and long after us there will be Nigeria. We will #Change Nigeria peacefully.",MBuhari,2936714848,71,1247,,#Change,,
564502071051698176,Sun Feb 08 19:12:36 +0000 2015,This postponement should therefore only strengthen our resolve to save our country from the hands of marauders.,MBuhari,2936714848,32,874,,,,
564501877300428801,Sun Feb 08 19:11:50 +0000 2015,"My deep faith in the democratic process assures me that with your support, our country will certainly overcome.",MBuhari,2936714848,38,671,,,,
564501145650216960,Sun Feb 08 19:08:55 +0000 2015,in the face of certain defeat at the polls.,MBuhari,2936714848,17,425,,,,
564501066537259008,Sun Feb 08 19:08:36 +0000 2015,in the country and provide further justification to those who would want to exploit every situation to frustrate the democratic process,MBuhari,2936714848,11,518,,,,
564500860643078144,Sun Feb 08 19:07:47 +0000 2015,Our country is going through difficult times in the hands of terrorists. Any act of violence can only complicate the security challenges,MBuhari,2936714848,15,774,,,,
564500633173381120,Sun Feb 08 19:06:53 +0000 2015,"But we must remain calm and peaceful, while resolute. Do not allow yourself be tempted or provoked to violence",MBuhari,2936714848,41,746,,,,
564500549668978690,Sun Feb 08 19:06:33 +0000 2015,"As a Nigerian and a candidate in the elections, I share in the disappointment and frustration at this decision",MBuhari,2936714848,19,635,,,,
564500428122247169,Sun Feb 08 19:06:04 +0000 2015,"To be clear, the postponement is a fraudulent attempt to subvert Nigeria's democracy. The world has seen this clearly",MBuhari,2936714848,55,831,,,,
564500236274761728,Sun Feb 08 19:05:18 +0000 2015,"My friends, I know many of you have waited for me to speak about the postponement of elections yesterday. - GMB",MBuhari,2936714848,34,579,,,,
564440534492909568,Sun Feb 08 15:08:04 +0000 2015,"Change may be postponed, but it cannot be denied. #ThingsWILLchange",MBuhari,2936714848,121,1269,,#ThingsWILLchange,,
563414352871849985,Thu Feb 05 19:10:24 +0000 2015,Nigeria has decided: #Change cannot be postponed. On February 14 we stand! #ThingsWillChange #GMB15,MBuhari,2936714848,177,1361,,#Change #ThingsWillChange #GMB15,,
563006835264077825,Wed Feb 04 16:11:04 +0000 2015,I just supported #NigeriaDecides: #iWillVoteAPC on @ThunderclapIt // @APCforChange http://thndr.it/1zw5pgN,MBuhari,2936714848,20,104,,#NigeriaDecides #iWillVoteAPC,@ThunderclapIt @APCforChange,http://thndr.it/1zw5pgN
561824021025918976,Sun Feb 01 09:50:59 +0000 2015,"Dear @LolaShoneyin, I was deeply humbled by this piece. I promise you will be proud of your country again - GMB.",MBuhari,2936714848,98,754,,,@lolashoneyin,http://www.theguardian.com/commentisfree/2015/jan/31/nigeria-elections-president-muhammadu-buhari-lola-shoneyin
560107788870090753,Tue Jan 27 16:11:17 +0000 2015,"@kfayemi, who heads our Policy Directorate answers the questions. This is how we will drive the #Change Nigeria needs http://kfayemi.com/2015/01/re-buhari-vs-jonathan-beyond-the-election/",MBuhari,2936714848,5,58,,#Change,@kfayemi,http://kfayemi.com/2015/01/re-buhari-vs-jonathan-beyond-the-election/
559367312139386880,Sun Jan 25 15:08:54 +0000 2015,"GMB is presently meeting with the United States Secretary of State, John Kerry. #Change #GMB15 #ThisIsBuhari",MBuhari,2936714848,27,284,,#Change #GMB15 #ThisIsBuhari,,
558887648853782529,Sat Jan 24 07:22:53 +0000 2015,"Change is almost here, fellow Nigerians. We can all feel it coming. #ThingsMustChange - GMB.",MBuhari,2936714848,108,808,,#ThingsMustChange,,
558887498395684864,Sat Jan 24 07:22:17 +0000 2015,I again call on security agencies to promptly arrest and prosecute all those found guilty of violence in any form. This is an urgent duty.,MBuhari,2936714848,87,1079,,,,
558887383077486592,Sat Jan 24 07:21:50 +0000 2015,Elections are not war. Politics is not a battle. Violence and hate speech by supporters of any of the candidates is not acceptable.,MBuhari,2936714848,56,1185,,,,
558887111248838656,Sat Jan 24 07:20:45 +0000 2015,"As I have continued to repeat at rallies and in the media, it is our collective responsibility to ensure campaigns remain peaceful.",MBuhari,2936714848,14,561,,,,
558886772483309568,Sat Jan 24 07:19:24 +0000 2015,The only effective way to register our rejection of the present failure in governance is to vote peacefully and protect our votes peacefully,MBuhari,2936714848,33,689,,,,
558886577511088128,Sat Jan 24 07:18:38 +0000 2015,"Good morning my friends, as our message of #Change continues to sweep around the country; we re-iterate our call against violence - GMB",MBuhari,2936714848,35,626,,#Change,,
558561342228287489,Fri Jan 23 09:46:16 +0000 2015,@Lahjussi @uniosunAMEBOR Thank you!:) We hope you have your PVC though? #ThingsMustChange,MBuhari,2936714848,2,10,Lahjussi,#ThingsMustChange,@Lahjussi,
558308466830237696,Thu Jan 22 17:01:26 +0000 2015,"Please join the #IHaveDecidedmovement. Take a photo, wear a T-shirt, and sign up to volunteer for change on http://www.ihavedecided.ng/volunteer",MBuhari,2936714848,27,238,,#IHaveDecidedmovement,,http://www.ihavedecided.ng/volunteer
557130841113907200,Mon Jan 19 11:01:58 +0000 2015,The #IHaveDecided campaign is a deeply inspiring one. It is time for every one of us to decide. Follow @IHaveDecidedNG. #ThingsMustChange,MBuhari,2936714848,38,297,,#IHaveDecided #ThingsMustChange,,
557109593751711744,Mon Jan 19 09:37:32 +0000 2015,"Join us as we continue the relentless pace of our rallies in Minna and Kaduna today. #Change is finally here, my friends. - GMB",MBuhari,2936714848,83,648,,#Change,,
557109479339487233,Mon Jan 19 09:37:05 +0000 2015,"We insist on a campaign of hope, change and the future. This election is about big, important issues. We refuse to play it small.",MBuhari,2936714848,51,878,,,,
557109251727163392,Mon Jan 19 09:36:10 +0000 2015,"Therefore, I shall refuse to indulge the smear campaign. I refuse to allow them take away the focus from the issues that concern you.",MBuhari,2936714848,36,829,,,,
557109032583176192,Mon Jan 19 09:35:18 +0000 2015,"I am appealing to you: the damage to this country is great. The level of unemployment and insecurity is intolerable, worsened by corruption.",MBuhari,2936714848,85,966,,,,
557108871475773440,Mon Jan 19 09:34:40 +0000 2015,"Let us focus on those issues, please. Elections are not war. February 14 is not about politicians. It is about our country.",MBuhari,2936714848,24,978,,,,
557108744942014464,Mon Jan 19 09:34:10 +0000 2015,Imagine the accelerated growth we can now achieve in a democracy –which the world has seen to be the most effective way of governing nations,MBuhari,2936714848,6,475,,,,
557108214677139457,Mon Jan 19 09:32:03 +0000 2015,We are lucky to have in this election two people who have led this country. I am proud to present our record of solutions and effectiveness.,MBuhari,2936714848,14,580,,,,
557108056581210113,Mon Jan 19 09:31:25 +0000 2015,We have presented our vision and plans – through our manifesto (available on http://www.thisisbuhari.com) and our town hall meetings.,MBuhari,2936714848,4,501,,,,http://www.thisisbuhari.com
557107912502296576,Mon Jan 19 09:30:51 +0000 2015,"We have only presented our record – how we fought insurgencies, how we stabilised the naira, how we tackled corruption.",MBuhari,2936714848,18,606,,,,
557107789256859648,Mon Jan 19 09:30:22 +0000 2015,Can our president keep us safe when we travel to any part of this country? Is your life better today than it was six years ago?,MBuhari,2936714848,442,2818,,,,
557107524038430720,Mon Jan 19 09:29:18 +0000 2015,Do our children find it easy to get jobs? Do our sisters and brothers find it easy to set up and sustain their businesses?,MBuhari,2936714848,71,699,,,,
557107074291597312,Mon Jan 19 09:27:31 +0000 2015,We are concerned only about his record – has he secured Nigeria? Has he fought corruption? Has he truly grown the economy so it can work?,MBuhari,2936714848,39,928,,,,
557106314610868224,Mon Jan 19 09:24:30 +0000 2015,"We have not spoken about the President's family, his health, his religion, his ethnic group, or his phone number.",MBuhari,2936714848,69,1348,,,,
557106127566303232,Mon Jan 19 09:23:46 +0000 2015,We do not have a disinformation or propaganda wing in our campaign. We have no need to waste time in driving petty attacks.,MBuhari,2936714848,13,803,,,,
557106035425419265,Mon Jan 19 09:23:24 +0000 2015,Our President and his allies must remember that he is not only a candidate for office; he is the President of Nigeria.,MBuhari,2936714848,18,928,,,,
557105208258342912,Mon Jan 19 09:20:06 +0000 2015,We should be deeply worried that a President who called for calm during governorship elections has now lost his cool in his own elections.,MBuhari,2936714848,21,766,,,,
557104357163139072,Mon Jan 19 09:16:43 +0000 2015,"Where is his fabled calm, where is his reserve, where is his composure? Why is he so ruffled? Why is he so frustrated and afraid?",MBuhari,2936714848,42,758,,,,
557103734002831360,Mon Jan 19 09:14:15 +0000 2015,How can a President who has led this country for six years be unable to run on his own record and his achievements?,MBuhari,2936714848,80,1235,,,,
557103514921754624,Mon Jan 19 09:13:23 +0000 2015,"How can his campaign be talking about dead ex-leaders, jogging around the stadium and outright lies about my health?",MBuhari,2936714848,48,1004,,,,
557103371342319617,Mon Jan 19 09:12:48 +0000 2015,How can the President of this country be talking about remembering phone numbers and coup speeches?,MBuhari,2936714848,37,861,,,,
557103274994982912,Mon Jan 19 09:12:25 +0000 2015,"All of us, citizens and voters need to ask ourselves – why is our President so desperate?",MBuhari,2936714848,67,864,,,,
557103146888347648,Mon Jan 19 09:11:55 +0000 2015,What is this obsession with lies? What is this obsession with pettiness? What is this obsession with threats and attacks?,MBuhari,2936714848,22,684,,,,
557103069625077760,Mon Jan 19 09:11:36 +0000 2015,The desperation is beyond my understanding. #ThingsMustChange,MBuhari,2936714848,21,629,,#ThingsMustChange,,
557102168826593280,Mon Jan 19 09:08:02 +0000 2015,This campaign should be about those issues. It should be about today and the future; about securing Nigerian lives and Nigerian land.,MBuhari,2936714848,23,706,,,,
557101732585418753,Mon Jan 19 09:06:18 +0000 2015,The businesses of our enterprising youth are being killed by lack of access to finance and poor economic policies.,MBuhari,2936714848,16,559,,,,
557101409665961985,Mon Jan 19 09:05:01 +0000 2015,"Hundreds, perhaps thousands of Nigerians died in #Baga days ago. Our unemployment numbers are rising.",MBuhari,2936714848,24,555,,#Baga,,
557101189305610241,Mon Jan 19 09:04:08 +0000 2015,"It is a tragedy to see the ruling party focus on pettiness and lies; rumours of cancer, foreign treatment, and certificates they know exist.",MBuhari,2936714848,88,1206,,,,
557100968777498624,Mon Jan 19 09:03:16 +0000 2015,"Why should candidates tell so many frantic lies in order to win elections, if truly their purpose is to ‘transform’ the lives of our people?",MBuhari,2936714848,27,741,,,,
557100782353252352,Mon Jan 19 09:02:31 +0000 2015,"I have run for office before, but I have consistently done so without desperation or anger, because elections are not war.",MBuhari,2936714848,26,736,,,,
557100601293537280,Mon Jan 19 09:01:48 +0000 2015,"I clearly underrated the panic and lack of integrity that leads people to tell barefaced lies, and must confess, it continues to confound me",MBuhari,2936714848,15,656,,,,
557100452790018048,Mon Jan 19 09:01:13 +0000 2015,I have become seriously disturbed by the volume of falsehood and desperation from the opposition campaign of the PDP.,MBuhari,2936714848,57,722,,,,
557099146457251840,Mon Jan 19 08:56:01 +0000 2015,"Good morning, my friends. As we continue our relentless pace campaigning for #Change this week, let’s reflect on the past few weeks -GMB",MBuhari,2936714848,23,351,,#Change,,
556086986906550272,Fri Jan 16 13:54:03 +0000 2015,GMB shares a laugh with #TeamGMB this morning after reading the tweets about @Zahra3_!:) #ThisIsBuhari,MBuhari,2936714848,41,443,,#TeamGMB #ThisIsBuhari,@zahra3_,
556034794371706880,Fri Jan 16 10:26:40 +0000 2015,"Achu'Benue a'wainya! Agba, Kogi! We bring our urgent message of #Change to you today! #APCRally #GMB15 #ThingsMustChange",MBuhari,2936714848,8,110,,#Change #APCRally #GMB15 #ThingsMustChange,,
555659332730503168,Thu Jan 15 09:34:43 +0000 2015,"May they never be forgotten. May the labour of heroes past never, ever be in vain. God bless their families, and God bless Nigeria.",MBuhari,2936714848,25,490,,,,
555659151054221313,Thu Jan 15 09:33:59 +0000 2015,"Today, we have nothing but gratitude for the sacrifice made by those who lay down their lives to keep our country safe.",MBuhari,2936714848,18,460,,,,
555036009466175488,Tue Jan 13 16:17:51 +0000 2015,"@Jite_O Dear friend, our plans are clearly spelt out in the manifesto on http://thisisbuhari.com and our videos on YouTube. #GMB15",MBuhari,2936714848,12,44,Jite_O,#GMB15,@Jite_O,http://thisisbuhari.com
554904383365079040,Tue Jan 13 07:34:49 +0000 2015,"Good morning, Nigeria. #ThingsMustChange",MBuhari,2936714848,49,233,,#ThingsMustChange,,
554904275542089728,Tue Jan 13 07:34:23 +0000 2015,"Let these thoughts guide us. Let these thoughts speak to us. Let them shape our opinions, our choices. We are better than this.",MBuhari,2936714848,16,255,,,,
554903981429100546,Tue Jan 13 07:33:13 +0000 2015,"Do you want a country where you cannot say for certain, if our enemies come at us, you have a government that can and will protect you?",MBuhari,2936714848,34,290,,,,
554903892560203777,Tue Jan 13 07:32:52 +0000 2015,"Beyond the politics, and the rhetoric, ask yourself this: Do you truly want a country where your life is not safe? #ThingsMustChange",MBuhari,2936714848,76,409,,#ThingsMustChange,,
554903722984497152,Tue Jan 13 07:32:11 +0000 2015,"These Nigerians who have died because our government cannot protect them, they are not politicians. They deserve better. We deserve better.",MBuhari,2936714848,138,742,,,,
554903564804685825,Tue Jan 13 07:31:34 +0000 2015,We must ask ourselves these questions - how did we become like this? How did we get to this point? What kind of country have we become?,MBuhari,2936714848,385,875,,,,
554903450220503040,Tue Jan 13 07:31:06 +0000 2015,"We cannot be the country that loses the essence of our humanity, the meaning of empathy. Nigerians are dying everyday due to incompetence.",MBuhari,2936714848,442,1144,,,,
554903044585177088,Tue Jan 13 07:29:30 +0000 2015,It is unacceptable to ignore or minimise the deaths of Nigerian citizens because of elections. It is heart-breaking. This must change.,MBuhari,2936714848,53,465,,,,
554902822341574658,Tue Jan 13 07:28:37 +0000 2015,"The responsibility of the Nigerian government is to protect and respect the lives of Nigerians, regardless of politics, or elections.",MBuhari,2936714848,43,335,,,,
554902611691065345,Tue Jan 13 07:27:46 +0000 2015,"Every Nigerian life is sacred. On #Baga, 150 or 2000, every Nigerian life matters. We cannot continue like this. #ThingsMustChange",MBuhari,2936714848,26,405,,#Baga #ThingsMustChange,,
554668096011911169,Mon Jan 12 15:55:53 +0000 2015,"It's a wrap. Daalu nu, ndi Imo! The energy today was incredible. The Igbo have spoken: Buhari for President! #GMB15",MBuhari,2936714848,45,372,,#GMB15,,
554570826914492416,Mon Jan 12 09:29:23 +0000 2015,Please follow us live on @channelstv today as we inaugurate the Presidential Campaign Secretariat in Abuja. #Change #GMB15,MBuhari,2936714848,17,106,,#Change #GMB15,@channelstv,
554216227657490432,Sun Jan 11 10:00:20 +0000 2015,Happy Sunday to everyone. #Change is coming to Nigeria. - GMB,MBuhari,2936714848,132,499,,#Change,,
554216007737540609,Sun Jan 11 09:59:27 +0000 2015,"After a week on the road, I return to the joy of my grandchild. I do this for them. Our children deserve more - GMB",MBuhari,2936714848,113,1120,,,,
554003789708296192,Sat Jan 10 19:56:11 +0000 2015,We can and we will bring #Change to Nigeria peacefully. I call on the PDP to join this call for peace. Every Nigerian life is sacred - GMB,MBuhari,2936714848,116,1298,,#Change,,
554003567246573568,Sat Jan 10 19:55:17 +0000 2015,"Like I said after the attack on our supporters in Rivers this week, elections are not war. Electoral violence is unacceptable - GMB",MBuhari,2936714848,49,1028,,,,
554003331388293121,Sat Jan 10 19:54:21 +0000 2015,I have received news of violence in Jos today. I condemn this violence in its entirety. I reject any supporter who resorts to violence - GMB,MBuhari,2936714848,159,1436,,,,
553988730458222593,Sat Jan 10 18:56:20 +0000 2015,"We insist on peace during these elections, and always. Politics is not war. Elections are not a battle. Violence is strongly condemned.",MBuhari,2936714848,85,898,,,,
553920518920085504,Sat Jan 10 14:25:17 +0000 2015,GMB and leadership of the APC observe a full minute silence for victims of the Baga Massacre. #WeAreAllBaga #APCRally,MBuhari,2936714848,29,354,,#WeAreAllBaga #APCRally,,
553832021827813376,Sat Jan 10 08:33:38 +0000 2015,#ThisIsBuhari.,MBuhari,2936714848,38,317,,#ThisIsBuhari,,
553649624322691072,Fri Jan 09 20:28:51 +0000 2015,Terrible news from Baga. My heart is broken as the details come in. My thoughts and wishes are with the families. This needs to end - GMB,MBuhari,2936714848,119,1153,,,,
553505650979123200,Fri Jan 09 10:56:45 +0000 2015,"Jookwa, Ebonyi! Ndeewo, ndi Abia! The next President of the Federal Republic of Nigeria brings #Change to you today.",MBuhari,2936714848,25,278,,#Change,,
553221346017427456,Thu Jan 08 16:07:01 +0000 2015,For those who have asked 'How will #Change be achieved?' @ProfOsinbajo is live on @channelstv now breaking down manifesto and milestones.,MBuhari,2936714848,35,213,,#Change,@ProfOsinbajo @channelstv,
553220275232600064,Thu Jan 08 16:02:46 +0000 2015,Watch the APC's Edo State Town Hall Meeting live now on @channelstv. The #Change campaign continues to focus on the issues. #GMB15,MBuhari,2936714848,13,131,,#Change #GMB15,@channelstv,
553219657524854784,Thu Jan 08 16:00:19 +0000 2015,"""When you look at the heights of Oshiomhole and Fashola - you know that the APC has the long and short of the matter!"" - @ProfOsinbajo",MBuhari,2936714848,21,243,,,@ProfOsinbajo,
553203441926160384,Thu Jan 08 14:55:53 +0000 2015,"Anua, Bayelsa! Here is the next President of Nigeria coming to you with #Change and a focus on the issues. #APCRally",MBuhari,2936714848,46,320,,#Change #APCRally,,
553149061550047232,Thu Jan 08 11:19:47 +0000 2015,"Thank you, Ogoni people for the warm welcome! https://www.youtube.com/watch?v=RPNlGBF1YSU&amp;feature=youtu.be Bayelsa, you're next. #APCRally #GMB15 #ThingsMustChange",MBuhari,2936714848,6,100,,#APCRally #GMB15 #ThingsMustChange,,https://www.youtube.com/watch?v=RPNlGBF1YSU&feature=youtu.be
552928955867877376,Wed Jan 07 20:45:10 +0000 2015,"Daalu nu, Owerri! Sung sung, Calabar! Thank you for welcoming #Change today. The movement continues tomorrow. #GMB15",MBuhari,2936714848,44,345,,#Change #GMB15,,
552894489598369792,Wed Jan 07 18:28:13 +0000 2015,@A_Almuhamsay Thank you very much for your support. #Change is sweeping through Nigeria. #GMB15 #ThingsMustChange #ChangeIsComingToNigeria,MBuhari,2936714848,1,21,A_Almuhamsay,#Change #GMB15 #ThingsMustChange #ChangeIsComingToNigeria,@A_Almuhamsay,
552879019449155585,Wed Jan 07 17:26:44 +0000 2015,"Warri, we hail o! The GMB #Change train just landed in Delta State. Follow live on Channels TV. #GMB15 #APCRally #ThingsMustChange",MBuhari,2936714848,9,140,,#Change #GMB15 #APCRally #ThingsMustChange,,
552750705283702784,Wed Jan 07 08:56:52 +0000 2015,"Today, #Change breezes through Calabar, Warri, Asaba and Osogbo. #LetsDoThis #ThingsMustChange #GMB15",MBuhari,2936714848,24,234,,#Change #LetsDoThis #ThingsMustChange #GMB15,,
552453145893556225,Tue Jan 06 13:14:28 +0000 2015,"Next stop today: Uyo. Akwa Ibom, isongo! #GMB15 #APCRally",MBuhari,2936714848,28,197,,#GMB15 #APCRally,,
552417865144758272,Tue Jan 06 10:54:17 +0000 2015,"Our Port Harcourt rally is live on NTA, AIT and Channels TV #APCRally #ThingsMustChange #GMB15",MBuhari,2936714848,17,207,,#APCRally #ThingsMustChange #GMB15,,
552382748028305408,Tue Jan 06 08:34:44 +0000 2015,Please see a 1-minute video of GMB delivering this morning's tweets here: http://www.youtube.com/watch?v=lDT77PcQcPA&amp;feature=youtu.be #GMB15,MBuhari,2936714848,32,332,,#GMB15,,http://www.youtube.com/watch?v=lDT77PcQcPA&feature=youtu.be
552380519359721473,Tue Jan 06 08:25:53 +0000 2015,"I am Muhammadu Buhari, and I am running for President to change this country, for good. - GMB",MBuhari,2936714848,436,1560,,,,
552380367194562560,Tue Jan 06 08:25:16 +0000 2015,Thank you and God keep us all. Vote APC. Vote #Change.,MBuhari,2936714848,31,497,,#Change,,
552379744852123648,Tue Jan 06 08:22:48 +0000 2015,Let me make you this promise today: We will protect your children. We will protect your wealth. We will make this country work again.,MBuhari,2936714848,349,1395,,,,
552379400919220224,Tue Jan 06 08:21:26 +0000 2015,"My only desire is to prove to you that Nigeria can truly work. Allow me prove to you that in your lifetime, you can be proud of this country",MBuhari,2936714848,313,2251,,,,
552379067694329857,Tue Jan 06 08:20:07 +0000 2015,"The task ahead will be challenging and daunting, but it is surmountable. This is what leadership is about. #ThingsMustChange",MBuhari,2936714848,18,682,,#ThingsMustChange,,
552378695781195776,Tue Jan 06 08:18:38 +0000 2015,Government will conduct itself in a disciplined and responsible manner; we will identify problems and fix them. #ThingsMustChange,MBuhari,2936714848,16,650,,#ThingsMustChange,,
552378450754158594,Tue Jan 06 08:17:40 +0000 2015,Corruption will be a thing of the past and we will ensure that wealth goes around our citizens in an equitable manner.,MBuhari,2936714848,46,694,,,,
552378247808552960,Tue Jan 06 08:16:51 +0000 2015,This is my promise: We will work hard and fast for you. Our children will go to school and they will return safe.,MBuhari,2936714848,22,607,,,,
552378081177272320,Tue Jan 06 08:16:11 +0000 2015,This is why I am running for the office of the president of Nigeria. This is my promise. #ThingsMustChange,MBuhari,2936714848,12,516,,#ThingsMustChange,,
552377909391159296,Tue Jan 06 08:15:30 +0000 2015,"And, no, it does not matter if you are Christian, Muslim, animist or atheist: we need a new direction under a new leadership.",MBuhari,2936714848,31,682,,,,
552377651034599425,Tue Jan 06 08:14:29 +0000 2015,"My dear friends, this is very important to note: It doesn’t matter if you are Igbo, Yoruba, Ijaw, Hausa, Idoma, Efik, Ekwere, Urhobo, Igala",MBuhari,2936714848,42,645,,,,
552377297719021568,Tue Jan 06 08:13:05 +0000 2015,What is going on here? In this our country? In a country that belongs to all of us? #ThingsMustChange,MBuhari,2936714848,21,440,,#ThingsMustChange,,
552377081519439873,Tue Jan 06 08:12:13 +0000 2015,How can we allow the cowards of Boko Haram take over any part of this country - a sovereign state? #ThingsMustChange,MBuhari,2936714848,31,722,,#ThingsMustChange,,
552376817634783232,Tue Jan 06 08:11:10 +0000 2015,How can 12 young people die because they were looking for jobs in Abuja and justice is not met? Several corruption scandals unsolved.,MBuhari,2936714848,114,976,,,,
552376362242424832,Tue Jan 06 08:09:22 +0000 2015,"How can 219 girls be missing in our country, and our leader appears incapable of action? #ThingsMustChange",MBuhari,2936714848,60,763,,#ThingsMustChange,,
552375983219941377,Tue Jan 06 08:07:51 +0000 2015,"So don’t let anyone blind you with fear so they can continue to plunder our resources, and keep you away from our common wealth.",MBuhari,2936714848,14,594,,,,
552375453315764224,Tue Jan 06 08:05:45 +0000 2015,and face the full wrath of the law as punishment for their crimes against our country. #ThingsMustChange,MBuhari,2936714848,7,475,,#ThingsMustChange,,
552375364803395584,Tue Jan 06 08:05:24 +0000 2015,"As your President, their punishment won't stop there, we will also ensure Boko Haram and other such elements, are found, are arrested",MBuhari,2936714848,35,579,,,,
552374983125921792,Tue Jan 06 08:03:53 +0000 2015,"I have and will continue to condemn those who burn God's places of worship, be they churches or mosques and wish God's judgment upon them.",MBuhari,2936714848,20,657,,,,
552374811415310336,Tue Jan 06 08:03:12 +0000 2015,"Even as Head of State, we never imposed Sha’riah. All my running mates have been either Igbo or Yoruba and always Christian.",MBuhari,2936714848,22,615,,,,
552374013113409537,Tue Jan 06 08:00:01 +0000 2015,"Because they cannot attack our record, they accuse us falsely of calling for election violence - when we have only insisted on peace.",MBuhari,2936714848,22,644,,,,
552373583813836800,Tue Jan 06 07:58:19 +0000 2015,"Because they can't attack our record, they accuse me falsely of ethnic jingoism; they accuse me falsely of religious fundamentalism.",MBuhari,2936714848,30,710,,,,
552373370822881281,Tue Jan 06 07:57:28 +0000 2015,The world admired us. We were proud to be Nigerians. #ThingsMustChange,MBuhari,2936714848,19,510,,#ThingsMustChange,,
552373096418910208,Tue Jan 06 07:56:23 +0000 2015,"We rebuilt industries, Nigerians queued up and treated each other with respect; Nigerians took pride in our reputation for discipline.",MBuhari,2936714848,20,564,,,,
552372912083456000,Tue Jan 06 07:55:39 +0000 2015,We shouldn't forget so soon that there was Maitatsine ravaging the north east and we dealt with it. We also overran the Chadian rebels.,MBuhari,2936714848,24,579,,,,
552372567852736512,Tue Jan 06 07:54:17 +0000 2015,"In our government, we fought corruption, we stabilised the naira, and we shut down insurgencies. #ThingsMustChange",MBuhari,2936714848,32,643,,#ThingsMustChange,,
552372257109331968,Tue Jan 06 07:53:03 +0000 2015,"I have led this country and I have a record. We were not perfect, but we were effective; we solved problems, and we made Nigerians proud.",MBuhari,2936714848,45,936,,,,
552372054079852544,Tue Jan 06 07:52:14 +0000 2015,"People accuse me of many things. But one thing they never accuse me of is corruption. They never accuse me of mediocrity, or of lying.",MBuhari,2936714848,58,838,,,,
552371830804475904,Tue Jan 06 07:51:21 +0000 2015,Are our parents safe when we leave them at home? Is the naira in your bank account of greater value today than it was four years ago?,MBuhari,2936714848,252,1130,,,,
552371731865014272,Tue Jan 06 07:50:58 +0000 2015,"Can you honestly, truly say to yourself that our country has changed for the better? Are our children safe when they go to school?",MBuhari,2936714848,13,505,,,,
552371533461876738,Tue Jan 06 07:50:10 +0000 2015,"Many people ask me: why am I running for office again? And I ask them – ""What has changed since I began this mission?""",MBuhari,2936714848,44,524,,,,
552371179672309760,Tue Jan 06 07:48:46 +0000 2015,"""and nothing will change."" But is that really true? It is not.",MBuhari,2936714848,15,318,,,,
552371052660400128,Tue Jan 06 07:48:16 +0000 2015,"And so you forgive politicians for stealing and for mediocrity – because you say to yourselves, ""they are all thieves, they are all selfish""",MBuhari,2936714848,10,401,,,,
552370741283663873,Tue Jan 06 07:47:01 +0000 2015,Many of you believe something is wrong with Nigeria. Some of you have given up. You think this country can not be good; cannot get better.,MBuhari,2936714848,26,409,,,,
552370396578971648,Tue Jan 06 07:45:39 +0000 2015,"Good morning, my friends. Before we kick off our rallies in Port Harcourt this morning, let us talk, Nigerian to Nigerian - GMB",MBuhari,2936714848,41,370,,,,
552033901649330176,Mon Jan 05 09:28:33 +0000 2015,@jassie_d1 Hello Jassie. The manifesto is on the website http://thisisbuhari.com/project-list/our-commitment/ #GMB15,MBuhari,2936714848,13,24,DayoAKin1,#GMB15,@Jassie_d1,http://thisisbuhari.com/project-list/our-commitment/
552002338035351552,Mon Jan 05 07:23:07 +0000 2015,"To the question 'how', see our clear plans on http://thisisbuhari.com. We also share my vision/plans directly in videos on our Youtube page.",MBuhari,2936714848,25,170,,,,http://thisisbuhari.com
551821687269117953,Sun Jan 04 19:25:17 +0000 2015,"Today, with Governor Fashola and Pastor E.A. Adeboye at the Lagos State Annual Thanksgiving Service. #GMB15",MBuhari,2936714848,90,693,,#GMB15,,
551802481169408000,Sun Jan 04 18:08:58 +0000 2015,"""The job of government is security and peace not religion.""",MBuhari,2936714848,111,1093,,,,
551799215173939200,Sun Jan 04 17:55:59 +0000 2015,"I shared a few words at the Lagos Annual Thanksgiving Service: ""All Nigerians must be free to worship God regardless of their beliefs"" -GMB",MBuhari,2936714848,43,694,,,,
551793816727203840,Sun Jan 04 17:34:32 +0000 2015,@ProfOsinbajo and I in Lagos today. Nigerians are ready to see a country they can be proud of. #ThingsMustChange,MBuhari,2936714848,59,378,,#ThingsMustChange,@ProfOsinbajo,
551791349373341696,Sun Jan 04 17:24:44 +0000 2015,"The excitement was palpable as we met Nigerians today. This chef told me, ""Sir, you have to win"". #ThingsMustChange",MBuhari,2936714848,52,486,,#ThingsMustChange,,
551786552826011649,Sun Jan 04 17:05:40 +0000 2015,"Four years after my last, I sat for a conversation with my friend @MoAbudu today in Lagos. #ChangeIsFinallyHere - GMB",MBuhari,2936714848,38,367,,#ChangeIsFinallyHere,@MoAbudu,
551785482653536257,Sun Jan 04 17:01:25 +0000 2015,@ProfOsinbajo and I today. We are #SET to amplify our message across Nigeria starting tomorrow #ThingsMustChange,MBuhari,2936714848,49,258,,#SET #ThingsMustChange,@ProfOsinbajo,
551404173556985856,Sat Jan 03 15:46:14 +0000 2015,@ibmaleeq I have read that article very keenly and absorbed its crucial message. I thank the writer and all those who wish us well. - GMB,MBuhari,2936714848,13,34,ibmaleeq,,@ibmaleeq,
551345927970390016,Sat Jan 03 11:54:47 +0000 2015,@sunnydiallo Thank you Salihu. I am very honoured by your support. Don't forget to share with them the urgency of change. #ThingsMustChange,MBuhari,2936714848,1,28,sunnydiallo,#ThingsMustChange,@sunnydiallo,
551344246771687424,Sat Jan 03 11:48:06 +0000 2015,"@CandyPay Thank you, my dear friend. I appreciate your support. Do spread the message and vision. The manifesto is on http://thisisbuhari.com",MBuhari,2936714848,2,19,CandyPay,,@CandyPay,http://thisisbuhari.com
551330256364519425,Sat Jan 03 10:52:30 +0000 2015,"@Sahfeeyah_GCFR My dear Shaykha, such lovely children. Help me thank them for believing in their country from now. I do this for them - GMB",MBuhari,2936714848,4,36,QueenSaphyGSFR,,,
551299713228890113,Sat Jan 03 08:51:08 +0000 2015,Share with them our manifesto here: http://thisisbuhari.com/project-list/our-commitment/. We shall shortly also upload the road-map. #ThingsMustChange #GMB15,MBuhari,2936714848,25,254,,#ThingsMustChange #GMB15,,http://thisisbuhari.com/project-list/our-commitment/
551297512561459200,Sat Jan 03 08:42:24 +0000 2015,"A country defined by corruption, by mediocrity, by waste and by insecurity cannot deliver the future that we desperately need. #Change",MBuhari,2936714848,56,553,,#Change,,
551297428591493121,Sat Jan 03 08:42:04 +0000 2015,"Remind everyone you meet and know that we cannot settle for a Nigeria of the barest minimum, when we can build a truly great country.",MBuhari,2936714848,19,404,,,,
551297241961734145,Sat Jan 03 08:41:19 +0000 2015,"Don't forget, we cannot afford to be distracted. The urgent issues are: Security, the Economy (Jobs, Power), Tackling corruption #SET - GMB",MBuhari,2936714848,30,433,,#SET,,
551293706889089024,Sat Jan 03 08:27:16 +0000 2015,I thank everyone who has spent the past few weeks with us pushing our message and driving our vision. #ThingsMustChange - GMB,MBuhari,2936714848,48,447,,#ThingsMustChange,,
551290024613126146,Sat Jan 03 08:12:38 +0000 2015,Why do kids like to put two fingers in the air? #ThingsMustChange:),MBuhari,2936714848,104,414,,#ThingsMustChange,,
551288910576631808,Sat Jan 03 08:08:13 +0000 2015,It was a blessing to spend time with my grandchildren yesterday at home. How were your holidays?,MBuhari,2936714848,101,350,,,,
550615350770155520,Thu Jan 01 11:31:44 +0000 2015,The site is now live. You can go to FactChecki.ng now. Happy New Year to you and yours. #GMB15 #ThingsMustChange.,MBuhari,2936714848,38,271,,#GMB15 #ThingsMustChange,,
550615087363682305,Thu Jan 01 11:30:41 +0000 2015,"A country defined by corruption, by mediocrity, by waste and by insecurity cannot deliver the future that we desperately need.",MBuhari,2936714848,38,455,,,,
550614922179395584,Thu Jan 01 11:30:02 +0000 2015,"Remind your friends and family that we cannot settle for a Nigeria of the barest minimum, when we have what we need to truly be great.",MBuhari,2936714848,10,377,,,,
550614708970328065,Thu Jan 01 11:29:11 +0000 2015,"Share our message on reviving the economy, spreading wealth, solving power, creating jobs and tackling corruption. #GMB15",MBuhari,2936714848,21,300,,#GMB15,,
550614624547381248,Thu Jan 01 11:28:51 +0000 2015,"However, as we combat the distractions, remember that our focus must remain on our vision, our plans and our solutions for #Nigeria.",MBuhari,2936714848,10,261,,#Nigeria,,
550614322800783360,Thu Jan 01 11:27:39 +0000 2015,"Very well done to the volunteer team that delivered this. If you see any issues you want addressed, please email lies@factchecki.ng.",MBuhari,2936714848,13,208,,,,
550614182874587136,Thu Jan 01 11:27:05 +0000 2015,The 'Get the Facts' link on http://thisisbuhari.com also takes you directly to this platform. #GetTheFacts #ThingsMustChange #GMB15,MBuhari,2936714848,1,143,,#GetTheFacts #ThingsMustChange #GMB15,,http://thisisbuhari.com
550614028629065728,Thu Jan 01 11:26:28 +0000 2015,"As the campaign for #Change is ramped up, this site will address and dismiss the many untruths about our vision and our campaign.",MBuhari,2936714848,10,204,,#Change,,
550613919925293057,Thu Jan 01 11:26:03 +0000 2015,"As we welcome the New Year, we are also announcing the launch of the very important site, FactChecki.ng. #ThingsMustChange #GMB15",MBuhari,2936714848,8,229,,#ThingsMustChange #GMB15,,
550559104352387072,Thu Jan 01 07:48:14 +0000 2015,"Happy New Year, everyone. Happy New Year, Nigeria. Hello, 2015.",MBuhari,2936714848,109,698,,,,
550254800412364800,Wed Dec 31 11:39:02 +0000 2014,Thank you and God bless Nigeria. #ThingsMustChange - GMB.,MBuhari,2936714848,64,422,,#ThingsMustChange,,
550254630631145474,Wed Dec 31 11:38:21 +0000 2014,"Once again, I wish everyone - those who believe in our mission and those who don't yet agree with us - a happy and prosperous New Year.",MBuhari,2936714848,50,644,,,,
550254282201890816,Wed Dec 31 11:36:58 +0000 2014,This is the promise that 2015 holds. That is the promise that change will bring. That is the promise that I bring to you.,MBuhari,2936714848,42,443,,,,
550253236989730817,Wed Dec 31 11:32:49 +0000 2014,"Together, we can build a nation that is secure, prosperous and gives everyone a fair chance.",MBuhari,2936714848,18,482,,,,
550253055493808129,Wed Dec 31 11:32:06 +0000 2014,"and your energy and your passion to see change. You must never give up on Nigeria. No. If you give up, then all hope is truly lost.",MBuhari,2936714848,11,362,,,,
550252843916349440,Wed Dec 31 11:31:15 +0000 2014,You should also never give in to the temptation to feel so weighed down by those who have failed you that you lose your hope and your,MBuhari,2936714848,12,346,,,,
550252640425508864,Wed Dec 31 11:30:27 +0000 2014,"Elections are not war. Politics is not a battle. We can, and we will, bring this #Change to Nigeria peacefully and by focusing on solutions.",MBuhari,2936714848,42,683,,#Change,,
550252472431030272,Wed Dec 31 11:29:47 +0000 2014,"Yes, you are disappointed and you are angry, as you are entitled to be. But you must not be so angry that you become violent.",MBuhari,2936714848,11,446,,,,
550252062135836673,Wed Dec 31 11:28:09 +0000 2014,"Oh, my dear friends, this New Year, more than ever before, I am hopeful about Nigeria. This hope inspires and excites me.",MBuhari,2936714848,13,311,,,,
550251733205913600,Wed Dec 31 11:26:51 +0000 2014,Are these things truly possible? Of course. That is the essence and outcome of leadership. #ThingsMustChange,MBuhari,2936714848,10,253,,#ThingsMustChange,,
550251585981669377,Wed Dec 31 11:26:15 +0000 2014,"To the question 'how', see our clear plans on http://thisisbuhari.com. I also share my vision/plans directly in videos on our Youtube page.",MBuhari,2936714848,14,224,,,,http://thisisbuhari.com
550251086146457601,Wed Dec 31 11:24:16 +0000 2014,"so that you can create value, build the economy and aggressively expand wealth.",MBuhari,2936714848,11,283,,,,
550251062360543233,Wed Dec 31 11:24:11 +0000 2014,"5. A Nigeria where entrepreneurship thrives, enterprise flourishes and the government supports you and then gets out of your way",MBuhari,2936714848,7,354,,,,
550250825147514880,Wed Dec 31 11:23:14 +0000 2014,"4. A country that provides jobs, reducing unemployment to the lowest of single digits and providing safety nets so no one is left behind.",MBuhari,2936714848,5,357,,,,
550250545492291584,Wed Dec 31 11:22:07 +0000 2014,respect for the environment as my friend @estherclimate has asked me; education that is outcome-oriented in a knowledge-economy.,MBuhari,2936714848,6,309,,,@estherclimate,
550250189802725377,Wed Dec 31 11:20:43 +0000 2014,"3. A Nigeria where citizens get the basics any country should provide: infrastructure that works, quality healthcare that is accessible,",MBuhari,2936714848,23,348,,,,
550249882322501634,Wed Dec 31 11:19:29 +0000 2014,"2. A Nigeria in which neither yourselves, nor your parents, families or friends will have to fear for your safety, or for theirs.",MBuhari,2936714848,7,380,,,,
550249770733019136,Wed Dec 31 11:19:03 +0000 2014,and lead with vision and clarity; where the stories that emerge to the world from us are full of hope and progress.,MBuhari,2936714848,3,319,,,,
550249665799929856,Wed Dec 31 11:18:38 +0000 2014,"Change means: 1. A country you can be proud of at anytime and anywhere: where corruption is tackled, where your leaders are disciplined",MBuhari,2936714848,13,411,,,,
550249408508743680,Wed Dec 31 11:17:36 +0000 2014,"Now some of you have asked me: what exactly does ‘change’ mean? On this special day, let me remind you in five short statements.",MBuhari,2936714848,7,245,,,,
550249290187026432,Wed Dec 31 11:17:08 +0000 2014,I have unshakeable faith that 2015 will be the year of change. #ThingsMustChange.,MBuhari,2936714848,20,298,,#ThingsMustChange,,
550248436759420928,Wed Dec 31 11:13:45 +0000 2014,"A story of genuine investment in our children and students, be they in the University of Nigeria, Nsukka or Delta State University, Abraka.",MBuhari,2936714848,6,196,,,,
550248175635030018,Wed Dec 31 11:12:42 +0000 2014,A story of our youth creating jobs and expanding the frontiers of innovation and creativity everywhere from @MAVINRECORDS to @Cc_HUB.,MBuhari,2936714848,4,204,,,@MAVINRECORDS @Cc_HUB,
550247740153012224,Wed Dec 31 11:10:59 +0000 2014,I have faith that 2015 is the year we shall begin to write a new story. #ThingsMustChange,MBuhari,2936714848,30,323,,#ThingsMustChange,,
550247601669292032,Wed Dec 31 11:10:26 +0000 2014,The beauty of the New Year is that we can look forward with renewed hope and the knowledge that things can and will change.,MBuhari,2936714848,10,269,,,,
550247460225175552,Wed Dec 31 11:09:52 +0000 2014,"2014 was a challenging one for most citizens of our dear country. Yes, it is enough for you to despair. But, please, do not.",MBuhari,2936714848,7,267,,,,
550247319187505152,Wed Dec 31 11:09:18 +0000 2014,"I am sharing a New Year's Day message to Nigerians in general, but I find it crucial to send another message directly to Nigeria’s youth.",MBuhari,2936714848,9,224,,,,
550246976005341185,Wed Dec 31 11:07:56 +0000 2014,"Good afternoon, my friends. I will be sharing highlights from my message to the Nigerian youth today, as we welcome 2015 – GMB",MBuhari,2936714848,26,241,,,,
549882762824794112,Tue Dec 30 11:00:41 +0000 2014,"Good afternoon, my friends. This is my message to you in today’s papers #ThisIsBuhari #ThingsMustChange - GMB",MBuhari,2936714848,125,709,,#ThisIsBuhari #ThingsMustChange,,
549610992402190337,Mon Dec 29 17:00:46 +0000 2014,"Good evening, my friends. Many of you have asked what our exact plans are for the country. A reminder here: http://goo.gl/2NFpg6 - GMB",MBuhari,2936714848,103,484,,,,http://goo.gl/2NFpg6
549459851253133314,Mon Dec 29 07:00:11 +0000 2014,People ask what drives GMB. This is his answer #ThingsMustChange,MBuhari,2936714848,39,216,,#ThingsMustChange,,http://youtu.be/MTuGWubGOUs
